Merchant,Index
Abbott-Rogahn,0
Abbott-Steuber,1
Abernathy and Sons,2
Abshire PLC,3
Adams-Kovacek and Kuhlman,4
Adams-Barrows,5
Altenwerth-Cartwright and Koss,6
Altenwerth-Kilback,7
Ankunding LLC,8
Ankunding-Carroll,9
Armstrong-Walter and Gottlieb,10
Auer LLC,11
Auer-Mosciski,12
Auer-West,13
Bahringer Group,14
Bahringer-Bergnaum and Quitzon,15
Bahringer-Osinski and Block,16
Bahringer-Schoen and Corkery,17
Bahringer-Larson,18
Bahringer-Streich,19
Bailey-Morar,20
Balistreri-Nader,21
Barrows PLC,22
Bartoletti and Sons,23
Bartoletti-Wunsch,24
Barton Inc,25
Barton LLC,26
Bashirian Group,27
Bauch-Blanda,28
Bauch-Raynor,29
Baumbach Ltd,30
Baumbach-Feeney and Morar,31
Baumbach-Hodkiewicz and Walsh,32
Baumbach-Strosin and Nicolas,33
Bechtelar-Rippin,34
Becker-Harris and Harvey,35
Bednar Group,36
Bednar Inc,37
Bednar PLC,38
Beer-Jast,39
Beier LLC,40
Beier and Sons,41
Beier-Hyatt,42
Berge LLC,43
Berge-Kautzer and Harris,44
Berge-Hills,45
Berge-Ullrich,46
Bernhard Inc,47
Bernhard-Grant and Langworth,48
Bernhard-Lesch,49
Bernier and Sons,50
Bernier-Streich and Jewess,51
Bernier-Volkman and Hoeger,52
Bins-Balistreri and Beatty,53
Bins-Howell,54
Bins-Rice,55
Bins-Tillman,56
Block Group,57
Block-Hauck,58
Block-Parisian,59
Bode-Rempel,60
Bode-Schuster,61
Boehm-Block and Jakubowski,62
Boehm-Predovic and Reinger,63
Bogisich Inc,64
Bogisich-Homenick,65
Bogisich-Weimann,66
Botsford Ltd,67
Botsford PLC,68
Botsford and Sons,69
Boyer PLC,70
Boyer-Haley,71
Boyer-Reichert,72
Bradtke PLC,73
Bradtke-Torp and Bahringer,74
Breitenberg LLC,75
Breitenberg-Hermiston,76
Brekke and Sons,77
Brown Inc,78
Brown PLC,79
Brown-Homenick and Lesch,80
Brown-Greenholt,81
Bruen-Yost,82
Buckridge PLC,83
Carroll PLC,84
Cartwright PLC,85
Cartwright-Harris,86
Casper-Hand and Zulauf,87
Cassin-Harvey,88
Champlin and Sons,89
Champlin-Rolfson and Connelly,90
Champlin-Casper,91
Christiansen-Goyette and Schamberger,92
Christiansen-Gusikowski,93
Cole PLC,94
Cole-Hills and Jewess,95
Collier Inc,96
Collier LLC,97
Connelly PLC,98
Connelly-Reichert and Fritsch,99
Connelly-Carter,100
Conroy Ltd,101
Conroy-Balistreri and Gorczany,102
Conroy-Cruickshank,103
Conroy-Emard,104
Cormier LLC,105
Cormier-Stracke and Thiel,106
Corwin-Collins,107
Corwin-Gorczany,108
Corwin-Romaguera,109
Cremin-Hamill and Reichel,110
Crist-Jakubowski and Littel,111
Crona and Sons,112
Cronin-Kshlerin and Weber,113
Crooks and Sons,114
Cruickshank-Mills,115
Cummerata-Hilpert,116
Cummerata-Jones,117
Cummings Group,118
Cummings LLC,119
Dach-Borer,120
Dach-Nader,121
Dare-Casper and Bartoletti,122
Dare-Fritsch and Zboncak,123
Dare-Gibson,124
Dare-Marvin,125
Daugherty LLC,126
Daugherty-Pouros and Beahan,127
Daugherty-Thompson,128
Deckow-Dare,129
Deckow-O'Conner,130
Denesik and Sons,131
Denesik-Powlowski and Pouros,132
Dibbert and Sons,133
Dibbert-Green,134
Dicki Ltd,135
Dickinson Ltd,136
Dickinson-Rempel,137
Dietrich-Fadel,138
Donnelly LLC,139
Donnelly PLC,140
Dooley Inc,141
Dooley-Thompson,142
Douglas-DuBuque and McKenzie,143
Douglas-Schneider and Turner,144
Douglas-White,145
Doyle Ltd,146
DuBuque LLC,147
Durgan-Gislason and Spencer,148
Durgan-Auer,149
Ebert-Daugherty,150
Effertz LLC,151
Effertz-Welch and Schowalter,152
Eichmann-Bogan and Rodriguez,153
Eichmann-Hayes and Treutel,154
Eichmann-Kilback,155
Eichmann-Russel,156
Emard Inc,157
Emmerich-Luettgen,158
Emmerich-Rau,159
Erdman-Durgan,160
Erdman-Ebert,161
Erdman-Kertzmann,162
Erdman-Schaden,163
Ernser-Feest,164
Ernser-Lynch,165
Fadel Inc,166
Fadel-Mertz and Rippin,167
Fadel-Hilpert,168
Fahey Inc,169
Feil-Hilpert and Koss,170
Feil-Morar,171
Ferry-Lynch and Kautzer,172
Ferry-Reichel and DuBuque,173
Fisher Inc,174
Fisher-Schowalter,175
Flatley Group,176
Flatley-Durgan,177
Frami Group,178
Friesen Inc,179
Friesen Ltd,180
Friesen-D'Amore,181
Friesen-Ortiz,182
Friesen-Stamm,183
Fritsch LLC,184
Fritsch and Sons,185
Funk Group,186
Gaylord-Powlowski,187
Gerhold LLC,188
Gerlach Inc,189
Gibson-Deckow,190
Gislason Group,191
Gleason and Sons,192
Gleason-Macejkovic,193
Goldner-Kovacek and Abbott,194
Goldner-Lemke,195
Goodwin-Nitzsche,196
Gottlieb Group,197
Gottlieb-Considine and Schultz,198
Gottlieb-Hansen,199
Goyette Inc,200
Goyette-Howell and Collier,201
Goyette-Gerhold,202
Goyette-Herzog,203
Graham and Sons,204
Graham-Hegmann and Hammes,205
Greenfelder-Bartoletti and Davis,206
Greenholt Ltd,207
Greenholt-Jacobi and Gleason,208
Greenholt-O'Hara and Balistreri,209
Grimes LLC,210
Gulgowski LLC,211
Gutmann Ltd,212
Gutmann-McLaughlin and Wiza,213
Gutmann-Upton,214
Haag-Blanda,215
Hackett Group,216
Hackett-Lueilwitz,217
Hagenes-Hermann and Stroman,218
Hagenes-Kohler and Hoppe,219
Hahn-Bahringer and McLaughlin,220
Hahn-Douglas and Schowalter,221
Haley Group,222
Haley-Batz and Auer,223
Haley-Jewess and Bechtelar,224
Halvorson Group,225
Hamill-D'Amore,226
Hamill-Daugherty,227
Hammes-Beatty,228
Harber Inc,229
Harris Group,230
Harris Inc,231
Harris-Gusikowski and Heaney,232
Hartmann-Rowe and Hermann,233
Hauck-Dietrich and Funk,234
Hayes-Marquardt and Dibbert,235
Heaney-Marquardt,236
Heathcote LLC,237
Heathcote-Yost and Kertzmann,238
Heidenreich PLC,239
Heller PLC,240
Heller-Gutmann and Zieme,241
Heller-Abshire,242
Heller-Langosh,243
Herman Inc,244
Herman-Treutel and Dickens,245
Hermann and Sons,246
Hermann-Gaylord,247
Hermiston-Pacocha and Smith,248
Hermiston-Russel and Price,249
Herzog Ltd,250
Hettinger-McCullough and Fay,251
Hickle Group,252
Hills-Hegmann and Schaefer,253
Hills-Boyer,254
Hills-Olson,255
Hills-Witting,256
Hilpert-Conroy,257
Hintz-Bauch and Smith,258
Hintz-Bruen,259
Hirthe-Beier,260
Hodkiewicz-Prohaska and Paucek,261
Homenick LLC,262
Hoppe-Harris and Bednar,263
Hoppe-Parisian,264
Howe Ltd,265
Howe PLC,266
Hudson-Grady,267
Hudson-Ratke,268
Huel Ltd,269
Huel-Hammes and Witting,270
Huel-Langworth,271
Huels-Hahn,272
Huels-Nolan,273
Hyatt-Russel and Gleichner,274
Hyatt-Blick,275
Jacobi Inc,276
Jacobi and Sons,277
Jakubowski Group,278
Jakubowski Inc,279
Jaskolski-Dibbert,280
Jaskolski-Vandervort,281
Jast Ltd,282
Jast and Sons,283
Jast-McDermott,284
Jenkins-Hauck and Friesen,285
Jerde-Hermann,286
Jewess LLC,287
Johns Inc,288
Johns-Hoeger,289
Johnson-Runolfsdottir and Mayer,290
Johnston-Nikolaus and Maggio,291
Johnston-Casper,292
Jones-Sawayn and Romaguera,293
Kassulke Inc,294
Kassulke PLC,295
Kautzer and Sons,296
Keeling-Crist,297
Kemmer-Buckridge,298
Kemmer-Reinger,299
Kerluke Inc,300
Kerluke PLC,301
Kerluke-Considine and Macejkovic,302
Kerluke-Kertzmann and Wiza,303
Kerluke-Abshire,304
Kertzmann LLC,305
Kessler Group,306
Kessler Inc,307
Kiehn Inc,308
Kiehn-Emmerich,309
Kihn Inc,310
Kihn-Abernathy and Douglas,311
Kihn-Brakus and Goyette,312
Kihn-Fritsch,313
Kihn-Schuster,314
Kilback Group,315
Kilback LLC,316
Kilback and Sons,317
Kilback-Nitzsche and Leffler,318
Kirlin and Sons,319
Klein Group,320
Kling Inc,321
Kling-Howe and Schneider,322
Kling-Ernser,323
Kling-Grant,324
Klocko LLC,325
Klocko-Runolfsdottir and Breitenberg,326
Koelpin and Sons,327
Koepp-Parker,328
Koepp-Witting,329
Kohler-Lindgren and Koelpin,330
Konopelski-Schneider and Hartmann,331
Koss and Sons,332
Koss-Hansen and Lueilwitz,333
Koss-McLaughlin and Mayer,334
Kovacek Ltd,335
Kovacek-Dibbert and Ondricka,336
Kozey-Boehm,337
Kozey-Kuhlman,338
Kozey-McDermott,339
Kris-Kertzmann,340
Kris-Padberg,341
Kris-Weimann,342
Kub PLC,343
Kub-Heaney,344
Kuhic Inc,345
Kuhic LLC,346
Kuhic-Bins and Pfeffer,347
Kuhn Group,348
Kuhn LLC,349
Kulas Group,350
Kunde-Sanford,351
Kunze Inc,352
Kunze-Larkin and Mayert,353
Kuphal-Bartoletti,354
Kuphal-Predovic,355
Kuphal-Toy,356
Kutch Group,357
Kutch LLC,358
Kutch and Sons,359
Kutch-Hermiston and Farrell,360
Kutch-Steuber and Gerhold,361
Kutch-Ferry,362
Kutch-Hegmann,363
Kutch-Wilderman,364
Kuvalis Ltd,365
Labadie LLC,366
Labadie-Treutel and Bode,367
Lakin-Ferry and Beatty,368
Lang-Towne and Schuppe,369
Langosh-Wintheiser and Hyatt,370
Langworth LLC,371
Langworth-Boehm and Gulgowski,372
Larkin Ltd,373
Larkin-Stracke and Greenfelder,374
Larson-Quitzon and Spencer,375
Larson-Moen,376
Leannon-Nikolaus,377
Leannon-Ward,378
Lebsack and Sons,379
Ledner-Hartmann and Feest,380
Ledner-Pfannerstill,381
Leffler-Goldner,382
Lehner-Mosciski and King,383
Lehner-Reichert and Mills,384
Lemke and Sons,385
Lemke-Gutmann,386
Lesch Ltd,387
Lesch-D'Amore and Brown,388
Lind-Huel and McClure,389
Lind-Buckridge,390
Little Ltd,391
Little-Gutmann and Lynch,392
Little-Gleichner,393
Lockman Ltd,394
Lockman-West and Runte,395
Lowe-Dietrich and Erdman,396
Lubowitz-Terry and Stracke,397
Lubowitz-Walter,398
Luettgen PLC,399
Lynch Ltd,400
Lynch-Mohr,401
Lynch-Wisozk,402
Macejkovic-Lesch,403
Maggio-Fahey,404
Mante Group,405
Mante-Luettgen and Hackett,406
Marks Inc,407
Marvin-Lind,408
Mayert Group,409
McCullough Group,410
McCullough LLC,411
McCullough-Hudson and Schuster,412
McDermott-Osinski and Morar,413
McDermott-Rice,414
McDermott-Weimann,415
McGlynn-Heathcote,416
McGlynn-Jaskolski,417
McKenzie-Huels,418
McLaughlin-Armstrong and Koepp,419
Medhurst Inc,420
Medhurst PLC,421
Medhurst-Cartwright and Ebert,422
Medhurst-Labadie and Gottlieb,423
Metz-Russel and Metz,424
Metz-Boehm,425
Miller-Harris,426
Miller-Hauck,427
Moen-Reinger and Murphy,428
Mohr Inc,429
Mohr-Bayer,430
Monahan-Bogisich and Ledner,431
Monahan-Hermann and Johns,432
Monahan-Morar,433
Moore-Dibbert and Koepp,434
Moore-Williamson and Emmerich,435
Morar Inc,436
Morissette LLC,437
Morissette PLC,438
Morissette-Weber and Wiegand,439
Morissette-Schaefer,440
Mosciski Group,441
Mosciski-Gislason and Mertz,442
Mosciski-Ziemann and Farrell,443
Mraz-Herzog,444
Mueller-Gerhold and Mueller,445
Murray Ltd,446
Murray-Smitham,447
Nader-Heller,448
Nader-Maggio,449
Nicolas-Hills and McGlynn,450
Nienow PLC,451
Nienow-Ankunding and Collier,452
Nienow-Barrows and Romaguera,453
Nitzsche-Kessler and Wolff,454
Nolan-Williamson,455
O'Connell-Botsford and Hand,456
O'Connell-Ullrich,457
O'Hara-Wilderman,458
O'Keefe-Hudson,459
O'Keefe-Wisoky,460
O'Reilly-Mohr and Purdy,461
Okuneva-Schneider and Rau,462
Olson-Becker and Koch,463
Ortiz Group,464
Osinski Inc,465
Osinski-Ledner and Leuschke,466
Pacocha-Bauch,467
Pacocha-O'Reilly,468
Pacocha-Weissnat,469
Padberg-Rogahn,470
Padberg-Sauer,471
Padberg-Welch,472
Pagac LLC,473
Parisian and Sons,474
Parisian-Schiller and Altenwerth,475
Parker-Nolan and Trantow,476
Parker-Kunde,477
Paucek-Wiza,478
Pfeffer LLC,479
Pfeffer and Sons,480
Pollich LLC,481
Pouros-Walker and Spencer,482
Pouros-Conroy,483
Pouros-Haag,484
Powlowski-Weimann,485
Predovic Inc,486
Price Inc,487
Prohaska-Murray,488
Prosacco LLC,489
Prosacco-Kreiger and Kovacek,490
Quitzon-Green and Bashirian,491
Quitzon-Goyette,492
Ratke and Sons,493
Rau and Sons,494
Rau-Grant,495
Rau-Robel,496
Raynor-Feest and Miller,497
Raynor-Reinger and Hagenes,498
Reichel Inc,499
Reichel LLC,500
Reichel-Bradtke and Blanda,501
Reichert-Huels and Hoppe,502
Reichert-Rowe and Mraz,503
Reichert-Shanahan and Hayes,504
Reichert-Weissnat,505
Reilly LLC,506
Reilly and Sons,507
Reilly-Heaney and Cole,508
Reinger-Weissnat and Strosin,509
Rempel Inc,510
Rempel PLC,511
Renner Ltd,512
Reynolds-Schinner,513
Rippin-Kub and Mann,514
Rippin-VonRueden,515
Ritchie-Bradtke and Stiedemann,516
Ritchie-Oberbrunner and Cremin,517
Robel-Cummerata and Prosacco,518
Roberts-Daniel and Macejkovic,519
Roberts-Ryan and Smith,520
Roberts-Beahan,521
Rodriguez Group,522
Rodriguez-Yost and Jenkins,523
Rohan-White and Aufderhar,524
Rolfson-Kunde,525
Romaguera Ltd,526
Romaguera and Sons,527
Romaguera-Cruickshank and Greenholt,528
Romaguera-Wehner and Tromp,529
Roob LLC,530
Roob-Conn and Tremblay,531
Roob-Okuneva,532
Rowe-Batz and Goodwin,533
Rowe-Vandervort,534
Ruecker Group,535
Ruecker-Beer and Collier,536
Ruecker-Mayert,537
Runolfsdottir-Mueller and Hand,538
Runolfsson and Sons,539
Runte-Green and Emard,540
Runte-Mohr,541
Rutherford-Homenick and Bergstrom,542
Rutherford-Mertz,543
Satterfield-Lowe,544
Sawayn PLC,545
Schaefer Ltd,546
Schaefer-Fay and Hilll,547
Schaefer-Maggio and Daugherty,548
Schaefer-McGlynn and Bosco,549
Schamberger-O'Keefe,550
Schiller Ltd,551
Schiller-Blanda and Johnson,552
Schimmel-Olson,553
Schmeler Inc,554
Schmeler-Bashirian and Price,555
Schmeler-Howe,556
Schmidt and Sons,557
Schmidt-Larkin,558
Schmitt Inc,559
Schmitt Ltd,560
Schneider-Hayes and Nikolaus,561
Schoen Ltd,562
Schoen-Kuphal and Nitzsche,563
Schoen-Nienow and Bauch,564
Schoen-Quigley,565
Schroeder Group,566
Schroeder-Hauck and Treutel,567
Schroeder-Wolff and Hermiston,568
Schulist Ltd,569
Schultz-Simonis and Little,570
Schumm PLC,571
Schumm-Bauch and Ondricka,572
Schumm-McLaughlin and Carter,573
Schuppe LLC,574
Schuppe-Nolan and Hoeger,575
Schuppe-Schuppe,576
Shanahan-Lehner,577
Shields Inc,578
Shields-Wunsch,579
Simonis-Prohaska,580
Skiles LLC,581
Skiles-Ankunding,582
Smith-Stokes,583
Smitham-Boehm,584
Smitham-Schiller,585
Spencer PLC,586
Spencer-Runolfsson,587
Spinka Inc,588
Spinka-Welch,589
Sporer Inc,590
Sporer-Keebler,591
Stamm-Rodriguez,592
Stamm-Witting,593
Stanton-Jakubowski and Baumbach,594
Stark-Batz,595
Stark-Koss,596
Stehr-Jewess and Schimmel,597
Stiedemann Inc,598
Stiedemann Ltd,599
Stokes-Christiansen and Sipes,600
Stoltenberg-Beatty,601
Stracke-Lemke,602
Streich Ltd,603
Streich-Dietrich and Barton,604
Streich-Hansen and Veum,605
Streich-Rolfson and Wilderman,606
Stroman-Hudson and Erdman,607
Strosin-Cruickshank,608
Swaniawski-Bahringer and Ledner,609
Swaniawski-Lowe and Robel,610
Swaniawski-Nitzsche and Welch,611
Swift PLC,612
Swift-Bradtke and Marquardt,613
Terry Ltd,614
Terry-Johns and Bins,615
Terry-Huel,616
Thiel Ltd,617
Thiel PLC,618
Thiel-Thiel,619
Thompson-Gleason,620
Tillman LLC,621
Tillman-Dickinson and Labadie,622
Tillman-Fritsch and Schmitt,623
Torp-Muller and Borer,624
Torp-Labadie,625
Torp-Lemke,626
Torphy-Goyette,627
Torphy-Kertzmann,628
Towne LLC,629
Towne-Greenholt and Koepp,630
Towne-Walker and Borer,631
Trantow PLC,632
Treutel-King,633
Tromp Group,634
Tromp-Kerluke and Glover,635
Turcotte-Batz and Buckridge,636
Turcotte-McKenzie and Koss,637
Turcotte-Halvorson,638
Turner LLC,639
Turner and Sons,640
Turner-Ruecker and Parisian,641
Turner-Ziemann and Lehner,642
Ullrich Ltd,643
Upton PLC,644
Vandervort-Funk,645
Veum-Koelpin,646
Volkman Ltd,647
Volkman PLC,648
Volkman-Predovic,649
VonRueden Group,650
Waelchi Inc,651
Waelchi-Wolf,652
Walter-Hettinger and Kessler,653
Waters-Cruickshank,654
Watsica LLC,655
Watsica-Haag and Considine,656
Weber and Sons,657
Weber-Thiel and Hammes,658
Weimann-Kuhic and Beahan,659
Weimann-Lockman,660
Welch Inc,661
Welch-Rath and Koepp,662
White and Sons,663
Wiegand-Lowe,664
Wilkinson LLC,665
Wilkinson Ltd,666
Wilkinson PLC,667
Will Ltd,668
Williamson LLC,669
Willms-Kris and Bergnaum,670
Windler LLC,671
Windler-Goodwin and Kovacek,672
Wintheiser-Dietrich and Schimmel,673
Wisozk and Sons,674
Witting-Beer and Ernser,675
Wiza LLC,676
Wiza-Schaden and Stark,677
Wolf Inc,678
Wuckert-Wintheiser and Friesen,679
Wuckert-Goldner,680
Wuckert-Walter,681
Yost-Block and Koepp,682
Yost-Schamberger and Windler,683
Yost-Rogahn,684
Zboncak LLC,685
Zboncak Ltd,686
Zboncak-Rowe and Murazik,687
Zemlak Group,688
Zemlak-Tillman and Cremin,689
Ziemann-Waters,690
Zieme-Bode and Dooley,691
Zulauf LLC,692
